iwansetiawan,Iwansetiawan*00,Iwan,1234567,customer,2023-12-03 20:10:14.017310
iwansetiawan,Iwansetiawan*00,Iwan,1234567,customer,2023-12-03 20:11:09.527526
iwansetiawan,Iwansetiawan*00,Iwan,1234567,customer,2023-12-03 20:11:51.839028
rizalkw,Rizal123!,rizal,0987432,customer,2023-12-03 20:11:51.839028
dikidik,Inipw123!,diki,082112345890,customer,2023-12-03 20:16:32.808553
iwantolol,Iwantolol*00,Iwan,11123456,admin,2023-12-03 20:16:32.808553
dikidik,Inipw123!,diki,082112345890,customer,2023-12-03 20:16:32.808553
dikidik,Inipw123!,diki,082112345890,customer,2023-12-03 20:16:32.808553
iwantolol,Iwantolol*00,Iwan,11123456,admin,2023-12-03 20:16:32.808553
rizalkw,Rizal123!,rizal,0987432,customer,2023-12-03 20:16:32.808553
iwanganteng,Iwanganteng*00,Iwan,98765432,admin,2023-12-03 20:26:51.804764
iwanganteng,Iwanganteng*00,Iwan,98765432,admin,2023-12-03 20:28:11.410567
iwanganteng,Iwanganteng*00,Iwan,98765432,admin,2023-12-03 20:29:12.430355
iwanganteng,Iwanganteng*00,Iwan,98765432,admin,2023-12-03 20:40:20.005112
iwansetiawan,Iwansetiawan*00,Iwan,1234567,customer,2023-12-03 20:46:46.528915
iwansetiawan,Iwansetiawan*00,Iwan,1234567,customer,2023-12-04 09:19:45.220013
rakafahrul,Raka123#,raka muayyadin,08938348529,customer,2023-12-04 11:53:29.057928
iwansetiawan,Iwansetiawan*00,Iwan,1234567,customer,2023-12-04 11:53:29.057928
bambang,Bambang*00,bambang,1234,customer,2023-12-04 11:53:29.057928
iwansetiawan,Iwansetiawan*00,Iwan,1234567,customer,2023-12-06 13:40:49.435510
iwanganteng,Iwanganteng*00,Iwan,98765432,admin,2023-12-06 13:40:49.435510
